Type,Name,Request Count,Failure Count,Median Response Time,Average Response Time,Min Response Time,Max Response Time,Average Content Size,Requests/s,Failures/s,50%,66%,75%,80%,90%,95%,98%,99%,99.9%,99.99%,100%
GET,/check_jira_issue/1/,9696,0,7,8.42980795173238,4.572000000280241,2084.7616000000926,5.0,161.5941278366285,0.0,7,8,8,8,9,10,12,14,25,2100,2100
GET,/check_youtrack_issue/1/,9689,0,7,7.592443750647478,4.431700000168348,33.17130000004909,5.0,161.4774654093537,0.0,7,8,8,8,9,10,12,14,21,33,33
GET,/rules/,9522,0,6,6.905160953583972,4.152700000304321,2053.365600000234,2.0,158.6942332157979,0.0,6,7,7,7,8,9,11,12,21,2100,2100
GET,/task_fields/,9587,0,7,6.775914196310943,4.35139999990497,25.776800000130606,69.0,159.77752718334958,0.0,7,7,7,7,8,9,11,12,19,26,26
,Aggregated,38494,0,7,7.429995256405681,4.152700000304321,2084.7616000000926,20.197225541642855,641.5433536451296,0.0,7,7,8,8,9,10,11,13,21,2000,2100
